prompt,answer,rank
Tell me a funny joke about programming,Why do programmers prefer dark mode? Because light attracts bugs!,1
Tell me a funny joke about programming,"A programmer is told to go to the store and buy a gallon of milk, and if there are eggs, buy a dozen. He comes back with 12 gallons of milk.",2
Tell me a funny joke about programming,"Programming is hard. Sometimes it works, sometimes it doesn't.",3
Tell me a funny joke about programming,Code code code.,4
Write a brief summary of the benefits of renewable energy,"Renewable energy offers numerous benefits including environmental protection through reduced greenhouse gas emissions, economic advantages through job creation and energy independence, and long-term sustainability. Solar, wind, and hydroelectric power provide clean alternatives to fossil fuels while becoming increasingly cost-effective.",1
Write a brief summary of the benefits of renewable energy,Renewable energy is good for the environment and can save money. It includes solar and wind power which don't pollute as much as coal and oil.,2
Write a brief summary of the benefits of renewable energy,Solar panels and wind turbines make electricity from sun and wind.,3
Write a brief summary of the benefits of renewable energy,Energy is renewable.,4
Compose a short essay about the importance of reading books,"Reading books is fundamental to personal and intellectual development. It expands vocabulary, improves critical thinking skills, and provides exposure to diverse perspectives and ideas. Through reading, we can explore different worlds, learn from historical experiences, and develop empathy by understanding various characters and situations. Regular reading also enhances concentration, reduces stress, and serves as a gateway to lifelong learning.",1
Compose a short essay about the importance of reading books,"Reading books is important because it helps you learn new things and improves your vocabulary. Books can teach you about history, science, and different cultures. Reading also helps you relax and is a good hobby.",2
Compose a short essay about the importance of reading books,Books are good. You should read them because they have words and stories.,3
Compose a short essay about the importance of reading books,Read books.,4
Explain how to make a perfect cup of coffee,"To make perfect coffee: 1) Use freshly ground, high-quality beans (medium grind for drip coffee). 2) Heat water to 195-205Â°F. 3) Use a ratio of 1:15 to 1:17 (coffee to water). 4) Pour hot water over grounds in circular motions, allowing 4-6 minutes brewing time. 5) Serve immediately in a pre-warmed cup. The key is using fresh beans, proper water temperature, and correct timing.",1
Explain how to make a perfect cup of coffee,Use good coffee beans and hot water. Grind the beans fresh and brew for about 4 minutes. The water should be hot but not boiling.,2
Explain how to make a perfect cup of coffee,Put coffee in hot water and wait.,3
Explain how to make a perfect cup of coffee,Coffee hot.,4
Describe what makes a good friend,"A good friend demonstrates trustworthiness, loyalty, and genuine care for your well-being. They listen actively without judgment, offer support during difficult times, and celebrate your successes. Good friends are reliable, honest even when it's difficult, and respect your boundaries. They maintain confidentiality, show empathy, and invest time and effort in the relationship. Most importantly, they accept you for who you are while encouraging your growth.",1
Describe what makes a good friend,"A good friend is someone who is trustworthy, kind, and supportive. They listen to you and help when you need it. Good friends are also fun to be around and share common interests.",2
Describe what makes a good friend,Friends are nice and helpful.,3
Describe what makes a good friend,Friend good.,4
